{
  "images" : [
    {
      "filename" : "message_blue.png",
      "idiom" : "universal",
      "resizing" : {
        "cap-insets" : {
          "bottom" : 4,
          "left" : 3,
          "right" : 10,
          "top" : 7
        },
        "center" : {
          "height" : 1,
          "mode" : "tile",
          "width" : 1
        },
        "mode" : "9-part"
      },
      "scale" : "1x"
    },
    {
      "filename" : "message_blue@2x.png",
      "idiom" : "universal",
      "resizing" : {
        "cap-insets" : {
          "bottom" : 6,
          "left" : 5,
          "right" : 17,
          "top" : 11
        },
        "center" : {
          "height" : 1,
          "mode" : "tile",
          "width" : 1
        },
        "mode" : "9-part"
      },
      "scale" : "2x"
    },
    {
      "filename" : "message_blue@3x.png",
      "idiom" : "universal",
      "resizing" : {
        "cap-insets" : {
          "bottom" : 8,
          "left" : 8,
          "right" : 27,
          "top" : 15
        },
        "center" : {
          "height" : 1,
          "mode" : "tile",
          "width" : 1
        },
        "mode" : "9-part"
      },
      "scale" : "3x"
    }
  ],
  "info" : {
    "author" : "xcode",
    "version" : 1
  }
}
